<?xml version="1.0" encoding="UTF-8"?>
<!DOCTYPE mapper
  PUBLIC "-//mybatis.org//DTD Mapper 3.0//EN"
  "http://mybatis.org/dtd/mybatis-3-mapper.dtd">
<mapper namespace="com.mall.mapper.AdOrderMapper">

	<sql id="period">
		
		<if test="sDate != null and !sDate.equals('') and sDate != null and !sDate.equals('')">
			<![CDATA[
			ord_regdate >= to_date(#{sDate}) 
			and 
			ord_regdate < to_date(#{eDate}) + 1
			and
			]]>
		</if>
	
	</sql>
	
	<!-- 검색조건 작업 : include로 참조 -->
	<sql id="criteria">
		<trim prefix="(" suffix=") AND " prefixOverrides="OR"> <!-- trim태그 sql구문중에  맨 앞에 or가 중복되면 제거  -->
			<foreach collection="cri.typeArr" item="type">
				<trim prefix="OR">
					<choose>
						<when test="type == 'C'.toString()">
							ord_code like '%' || #{cri.keyword} || '%'
						</when>
						<when test="type == 'I'.toString()">
							mbsp_id like '%' || #{cri.keyword} || '%'
						</when>
						<when test="type == 'R'.toString()">
							ord_name like '%' || #{cri.keyword} || '%'
						</when>
					</choose>
				</trim>
			</foreach>
		</trim>
	</sql>
	
	<!-- 조건식 sql 사용 -->
	<select id="orderList" resultType="com.mall.domain.OrderVO" parameterType="com.mall.dto.Criteria">
		<![CDATA[
		SELECT 
			RN, ord_code, mbsp_id, ord_name, ord_price, pay_method, ord_regdate
		FROM 
			( 
        		select /*+INDEX_DESC(order_tbl PK_ORD_CODE)  */ 
        			rownum RN, ord_code, mbsp_id, ord_name, ord_price, pay_method, ord_regdate
				from 
					order_tbl
        		where
        			
        ]]>
        		<include refid="period"></include>
        		<include refid="criteria"></include>		
        <![CDATA[		
        			ROWNUM <= (#{cri.pageNum} * #{cri.amount}) 
        		
			)
		WHERE 
			RN > ((#{cri.pageNum} - 1) * #{cri.amount})
		]]>
	</select>
	
	<!-- 조건식 sql 사용 -->
	<select id="getTotalCount" resultType="int" parameterType="com.mall.dto.Criteria">
	
		select count(*) from order_tbl
		where 
		<include refid="period"></include>
		<include refid="criteria"></include>
		ord_code > 0
	
	</select>
	
	<select id="orderDetail" resultType="com.mall.domain.AdOrderDetailVO">
	
		select 
			ot.ord_code, ot.pro_num, ot.dt_amount, ot.dt_price, p.pro_name, p.pro_up_folder, p.pro_img
		from 
			ordetail_tbl ot inner join product_tbl p
		on 
			ot.pro_num = p.pro_num
		where 
			ot.ord_code = #{ord_code}
	
	</select>
	
	<delete id="orderDetailProductDelete">
	
		delete from
			ordetail_tbl
		where
			ord_code = #{ord_code}
		and
			pro_num = #{pro_num}
	
	</delete>

</mapper>  