<?xml version="1.0" encoding="UTF-8"?>
<!DOCTYPE mapper
  PUBLIC "-//mybatis.org//DTD Mapper 3.0//EN"
  "http://mybatis.org/dtd/mybatis-3-mapper.dtd">
<mapper namespace="com.mall.mapper.CartMapper">

	<insert id="cart_add">
		
		merge into 
			cart_tbl
		using 
			dual
		on 
			(MBSP_ID = #{mbsp_id} and PRO_NUM = #{pro_num})
		when matched then
    		update
        		set CART_AMOUNT = CART_AMOUNT + #{cart_amount}
		when not matched then
    		insert(cart_code, pro_num, mbsp_id, cart_amount)
    		values(seq_cart_code.nextval,#{pro_num},#{mbsp_id},#{cart_amount})
	
	</insert>
	
	<select id="cart_list" resultType="com.mall.dto.CartListDTO">
	
		SELECT 
			rownum num, c.cart_code, p.pro_up_folder, P.pro_img, p.pro_num, P.pro_name, P.pro_price, C.cart_amount , P.pro_price * C.cart_amount as unitprice 
		FROM 
			product_tbl p INNER JOIN cart_tbl c
		ON 
			p.pro_num = c.pro_num
		WHERE 
			c.MBSP_ID = #{mbsp_id}
	
	</select>
	
	<update id="cart_amount_change">
	
		update
			cart_tbl
		set
			cart_amount = #{cart_amount}
		where
			cart_code = #{cart_code}
	
	</update>
	
	<delete id="cart_delete">
	
		delete
			cart_tbl
		where
			cart_code = #{cart_code}		
	
	</delete>
	
	<select id="cart_tot_price" resultType="int">
		
		SELECT 
			sum(P.pro_price * C.cart_amount) as cart_tot_price 
		FROM 
			product_tbl p INNER JOIN cart_tbl c
		ON 
			p.pro_num = c.pro_num
		WHERE 
			c.MBSP_ID = #{mbsp_id}
	
	</select>
	
	<delete id="cart_empty">
	
		delete from
			cart_tbl
		WHERE 
			MBSP_ID = #{mbsp_id}
	</delete>

</mapper>  