<?xml version="1.0" encoding="UTF-8"?>
<!DOCTYPE mapper
  PUBLIC "-//mybatis.org//DTD Mapper 3.0//EN"
  "http://mybatis.org/dtd/mybatis-3-mapper.dtd">
<mapper namespace="com.mall.mapper.ReviewMapper">

	<select id="review_list" resultType="com.mall.domain.ReviewVO">
 		<![CDATA[
 		SELECT 
 			RN, rew_num, mbsp_id, pro_num, rew_content, rew_score, rew_regdate
		FROM 
			( 
        		SELECT /*+INDEX_DESC(REVIEW_TBL PK_REVIEW_TBL) */ 
        			ROWNUM RN, rew_num, mbsp_id, pro_num, rew_content, rew_score, rew_regdate
        		FROM REVIEW_TBL
        		where	pro_num = #{pro_num}
                AND
        			ROWNUM <= (#{cri.pageNum} * #{cri.amount}) 	
			)
		WHERE 
			RN > ((#{cri.pageNum} - 1) * #{cri.amount})
 		]]>
 	</select>
 	
 	<select id="review_count" resultType="int">
 	
 		SELECT COUNT(*) FROM REVIEW_TBL WHERE pro_num = #{pro_num}
 	
 	</select>
 	
 	<insert id="create">
 	
 		insert into REVIEW_TBL(rew_num, mbsp_id, pro_num, rew_content, rew_score)
 		values(seq_REVIEW_TBL.nextval, #{mbsp_id}, #{pro_num}, #{rew_content}, #{rew_score})
 	
 	</insert>
 	
 	<update id="modify">
 	
 		update
 			REVIEW_TBL
 		set
 			rew_content = #{rew_content}, rew_score = #{rew_score}, rew_regdate = sysdate
 		where
 			rew_num = #{rew_num}
 	
 	</update>
 	
 	<delete id="delete">
 	
 		delete from 
 			REVIEW_TBL
 		where
 			rew_num = #{rew_num}
 	</delete>

</mapper>  