<?xml version="1.0" encoding="UTF-8"?>
<beans:beans xmlns="http://www.springframework.org/schema/mvc"
	xmlns:xsi="http://www.w3.org/2001/XMLSchema-instance"
	xmlns:beans="http://www.springframework.org/schema/beans"
	xmlns:context="http://www.springframework.org/schema/context"
	xsi:schemaLocation="http://www.springframework.org/schema/mvc https://www.springframework.org/schema/mvc/spring-mvc.xsd
		http://www.springframework.org/schema/beans https://www.springframework.org/schema/beans/spring-beans.xsd
		http://www.springframework.org/schema/context https://www.springframework.org/schema/context/spring-context.xsd">

	<!-- DispatcherServlet Context: defines this servlet's request-processing infrastructure -->
	
	<!-- Enables the Spring MVC @Controller programming model -->
	<annotation-driven />

	<!-- Handles HTTP GET requests for /resources/** by efficiently serving up static resources in the ${webappRoot}/resources directory -->
	<resources mapping="/resources/**" location="/resources/" />
	
	<!-- 매핑주소추가 -->
	<!-- 
	<resources mapping="매핑주소" location="스프링프로젝트폴더" />
	 -->
	<resources mapping="/bower_components/**" location="/resources/bower_components/" />
	<resources mapping="/dist/**" location="/resources/dist/" />
	<resources mapping="/css/**" location="/resources/css/" />
	<resources mapping="/image/**" location="/resources/image/" />
	
	

	<!-- Resolves views selected for rendering by @Controllers to .jsp resources in the /WEB-INF/views directory -->
	<beans:bean class="org.springframework.web.servlet.view.InternalResourceViewResolver">
		<beans:property name="prefix" value="/WEB-INF/views/" />
		<beans:property name="suffix" value=".jsp" />
	</beans:bean>
	
	<context:component-scan base-package="com.mall.controller" />
	
	<!--  공통예외처리를 위한 설정 : CommonExceptionAdvice.java 존재하는 패키지-->
	<context:component-scan base-package="com.mall.exception" />
	
	<!-- 스프링 자체 파일업로드기능을 위한 bean설정 -->
	<beans:bean id="multipartResolver" class="org.springframework.web.multipart.support.StandardServletMultipartResolver" />
	
	<!-- 업로드로 사용할 폴더.  docmall프로젝트의 외부에 존재. -->
	<beans:bean id="uploadPath" class="java.lang.String">
		<beans:constructor-arg value="C:\\JaeYun\\upload\\pds\\" />
	</beans:bean>
	
	<beans:bean id="uploadCkEditorPath" class="java.lang.String">
		<beans:constructor-arg value="C:\\JaeYun\\upload\\ckeditor\\" />
	</beans:bean>
	
	<!--  KakaoPay API 가맹점코드 -->
	<beans:bean id="cid" class="java.lang.String">
		<beans:constructor-arg value="TC0ONETIME" />
	</beans:bean>
	
	<!--  인터셉터 설정. -->
	<!-- 
	<beans:bean id="testInterceptor" class="com.docmall.interceptor.TestInterceptor" />
	
	<interceptors>
		<interceptor>
			<mapping path="/cart/*"/>
			<beans:ref bean="testInterceptor"/>
		</interceptor>
	</interceptors>
	 -->
	 
	 <beans:bean id="loginInterceptor" class="com.mall.interceptor.LoginInterceptor" />
	
	<interceptors>
		<interceptor>
			<mapping path="/member/mypage"/>
			<mapping path="/member/modify"/>
			<mapping path="/order/*"/>
			<mapping path="/cart/*"/>
			<exclude-mapping path="/cart/displayImage"/>
			
			<beans:ref bean="loginInterceptor"/>
		</interceptor>
	</interceptors>
	
</beans:beans>
