<?xml version="1.0" encoding="UTF-8"?>
<beans xmlns="http://www.springframework.org/schema/beans"
	xmlns:xsi="http://www.w3.org/2001/XMLSchema-instance"
	xmlns:context="http://www.springframework.org/schema/context"
	xsi:schemaLocation="http://www.springframework.org/schema/beans http://www.springframework.org/schema/beans/spring-beans.xsd
		http://www.springframework.org/schema/context http://www.springframework.org/schema/context/spring-context-4.3.xsd">

	<context:property-placeholder location="/WEB-INF/spring/email/email.properties"/>
	
	<bean id="mailSender" class="org.springframework.mail.javamail.JavaMailSenderImpl">
	  <property name="host" value="smtp.gmail.com" />
	  <property name="port" value="587" />
	  <property name="username" value="${email.account}" />
		<property name="password" value="${email.password}" />
		  <property name="javaMailProperties">
		  <props>
		    <prop key="mail.smtp.auth">true</prop>
		    <!-- 윈도우즈 운영체제 Windows 10 Pro, 11버전(클라이언트)에 따라 TLS변환문제가 발생이 되는 듯 추측함.--> 
		     
		    <prop key="mail.smtp.ssl.trust">smtp.gmail.com</prop>
			<prop key="mail.smtp.ssl.protocols">TLSv1.2</prop>
			
		    <prop key="mail.smtp.starttls.enable">true</prop>
		  </props>
		</property>
	</bean>
</beans>
